GEO_ID,snow depth,% below poverty,% civilian unemployed,% capita income,% no high school,% 65 older,% 17 younger,% household disability,% single parent household,% minority,% not well english,% multi unit,% mobile homes,% crowding,% no vehicle,% group quarters,historical requests,neighbor historical request,Lon,Lat,311_requests
360299800001,164.6396365,0,0.087628866,4494,0,0,0.025767544,0,0,0.670504386,0,0,0,0,0,1,0.003837719,0.114875414,325494,325913,0
360299805001,139.546979,0.142857143,0,6786,0.123076923,0.035128806,0.035128806,0,0,0.571428571,0,0,0,0,0,0.964871194,0.012880562,0.129963733,331141,328130,0
360290071044,190.1249825,0.637096774,0.166666667,11913,0.341346154,0.05577957,0.302419355,0.540952381,0.639722864,0.959005376,0.233853007,0.393728223,0,0.07047619,0.403809524,0,0.034946237,0.037469355,324919,321303,0
360290031004,190.4818889,0.595825427,0.123966942,14560,0.105140187,0.1,0.221818182,0.159021407,1,0.889090909,0,0.758409786,0,0,0.828746177,0.085454545,0.06,0.148578627,326885,322132,0
360290067024,177.4468042,0.112866817,0,30386,0.112866817,0.216704289,0,0.139037433,0,0.571106095,0,0.708494208,0,0.018716578,0.42513369,0,0.06772009,0.121151148,326190,322493,0
360290070001,170.7355681,0.117124394,0.042674253,25704,0.18469657,0.092084006,0.298061389,0.24726477,0.104651163,0.710016155,0.073272273,0.052631579,0,0,0.168490153,0,0.105815832,0.137792691,324053,323163,0
360290058012,135.7124673,0.230499562,0.047091413,22140,0.191435768,0.126205083,0.231375986,0.365630713,0.367768595,0.56266433,0.056657224,0.19579288,0,0.016453382,0.405850091,0.000876424,0.093777388,0.130978634,324017,329081,0
360290058024,137.3770587,0.289237668,0.037433155,16193,0.288088643,0.052729298,0.375789083,0.617177914,0.356926188,0.718158188,0.152073733,0.030989273,0,0,0.309202454,0.001856665,0.046787969,0.145955726,324257,328537,0
360290065012,175.0691757,0.166498486,0.078988942,42869,0.014066496,0.110998991,0.19778002,0.144869215,0.581632653,0.136226034,0,0.018108652,0,0.068410463,0.044265594,0,0.14530777,0.179354592,325629,324085,0
360290071032,186.0174974,0.799375488,0.101754386,10758,0.19394773,0.07496136,0.404173107,0.439121756,0.247058824,0.887171561,0.219512195,0.082061069,0,0.157684631,0.568862275,0,0.022411128,0.090739933,324779,321681,0
360290067023,181,0.344916345,0.04,33144,0.116554054,0.19047619,0.023166023,0.271794872,1,0.567567568,0,0.881516588,0,0,0.201709402,0,0.066924067,0.124482093,326539,322484,0
360290072021,195.3291178,0.181698486,0.101651842,59234,0.074103586,0.252139566,0.115207373,0.294520548,0.806451613,0.599736669,0.088394062,0.798429319,0,0.061643836,0.260273973,0,0.048716261,0.104156838,324822,320613,0
360290071021,199.3558043,0.908340972,0.23699422,7130,0.303571429,0.17512275,0.480360065,0.876325088,0.732075472,0.926350245,0.107927412,0.737556561,0,0.360424028,0.568904594,0.110474632,0.028641571,0.126279469,325466,320741,0
360290067014,173.0624221,0.002902758,0.10982659,59302,0.042662116,0.162554427,0.113207547,0,0.576923077,0.274310595,0,0.229508197,0,0,0.194444444,0,0.092888244,0.166921048,325745,322868,0
360290044021,172.5561668,0.669451697,0.223931624,8767,0.214527027,0.041775457,0.363446475,0.588495575,0.730829421,0.93002611,0.006097561,0.055045872,0,0,0.547566372,0.029765013,0.022454308,0.128643258,332023,325559,0
360290033024,190.9624408,0.40239521,0.052132701,20942,0.189935065,0.379640719,0.164071856,0.668918919,0,1,0.008838384,0.376623377,0,0,0.362612613,0,0.08502994,0.15437038,328105,322699,0
360290052021,177.696857,0.277886497,0.040194884,18750,0,0.04871955,0.099937539,0.262295082,1,0.54091193,0.003203075,0,0,0,0.128415301,0.3766396,0.069331668,0.130560191,328059,324805,0
360290014032,220.2988952,0.362134689,0.03515625,17574,0.112804878,0.149936468,0.342439644,0.44042838,0.415254237,0.953621347,0.064888248,0.299101412,0,0.081659973,0.560910308,0.020330368,0.057814485,0.174254047,327102,320202,0
360290171005,159.9286886,0.396995708,0.110481586,10377,0.333333333,0.073819742,0.298712446,0.257990868,0.27443609,0.818025751,0.009287926,0.251417769,0,0.075342466,0.433789954,0.265236052,0.101287554,0.167484592,325261,325501,0
360290067022,170.9646869,0.097243492,0,78219,0.053182214,0.13419257,0.13040182,0.3184,0,0.148597422,0,0.390602056,0,0,0.1808,0.030326005,0.076573161,0.081138579,326249,323011,0
360290066021,162.957771,0.011664899,0.023012552,75809,0,0.319194062,0.172852598,0.196428571,0,0.128313892,0.009389671,0.515463918,0,0,0.069444444,0,0.178154825,0.134526064,326325,323692,0
360290071022,198.6168251,0.216397849,0,67248,0.096330275,0.200268817,0.029569892,0.234177215,1,0.310483871,0.034946237,0.170474517,0,0,0.316455696,0.005376344,0.228494624,0.237663833,325772,321156,0
360290069043,166.857,0.346733668,0.084337349,20377,0.412162162,0.113461538,0.208653846,0.425581395,0.47133758,0.539423077,0.108653846,0.395604396,0,0.051162791,0.393023256,0.176923077,0.085576923,0.116040871,325119,322356,0
360290059002,139.7478021,0.489192264,0.340720222,15453,0.228464419,0.092150171,0.259385666,0.403076923,0.793859649,0.584755404,0.208718626,0,0,0.095384615,0.335384615,0,0.12741752,0.142982868,323874,326758,0
360290067013,173.571,0.075213675,0.100456621,41030,0,0.237606838,0,0.142322097,0,0.162393162,0,0.637640449,0,0.074906367,0.479400749,0,0.05982906,0.169512337,325813,322496,0
360290007004,304.8057342,0.058095238,0,41508,0.037037037,0.326939843,0.063644289,0.170689655,0.523076923,0.034001744,0.003626473,0.013953488,0,0,0.179310345,0.084568439,0.0418483,0.130385607,331470,314892,0
360290058023,135.4363364,0.258928571,0,17821,0.380664653,0.089285714,0.367857143,0.19047619,0.247572816,0.8625,0.100642398,0,0,0,0.158730159,0,0.189285714,0.153140928,323919,328299,0
360290056004,146.5748408,0.22783979,0.079522863,17240,0.112849162,0.084044649,0.363755745,0.34416826,0.380252101,0.810242942,0.043055556,0.196747967,0,0,0.187380497,0,0.057780696,0.13643488,324902,327394,0
360290046012,154.7358805,0.333776596,0,28018,0.032597266,0.049039099,0.089463221,0.168443497,0.930693069,0.423459245,0,0,0,0,0.217484009,0.003313453,0.055666004,0.12733735,329736,328161,0
360290169002,163.3544674,0.04451683,0.019267823,69192,0.00129199,0.289839572,0.114438503,0.161354582,0.376344086,0.201069519,0,0.231638418,0,0,0.099601594,0.004278075,0.101604278,0.132997962,326348,323991,0
360290067012,171.2756644,0.169856459,0.051118211,46850,0.035317201,0.066985646,0.059808612,0.261558785,0,0.197966507,0.010836845,0.401451028,0,0,0.22985469,0,0.074760766,0.156630064,325860,323095,0
360290052014,171.5307051,0,0.025518341,60958,0.026011561,0.121076233,0.182735426,0.082089552,0.202453988,0.054932735,0,0.14893617,0,0,0.029850746,0,0.117713004,0.136701333,328303,326001,0
360290059005,144.6206291,0.529668412,0.090909091,55356,0.194690265,0.177137871,0.157068063,0.512269939,1,0.70069808,0.026809651,0.570833333,0,0.087423313,0.549079755,0.006108202,0.108202443,0.133697874,323777,326140,0
360290008003,302.1654016,0.169237962,0.072131148,31125,0.068711656,0.124357176,0.205236092,0.215946844,0.246153846,0.203833567,0,0.011827957,0,0,0.03654485,0.032725573,0.082748948,0.12713068,331041,316291,0
360290056001,147.1827639,0.301652893,0.027607362,27917,0.226666667,0.020661157,0.305785124,0.235127479,0.878378378,0.749311295,0.09256662,0,0,0,0.354107649,0,0.067493113,0.132483816,325468,328506,0
360290164001,232.2321882,0.44500846,0,30664,0.418287938,0.221658206,0.037225042,0.440715884,1,0.741116751,0.181049069,0.912568306,0,0,0.704697987,0,0.093062606,0.214547312,326761,318976,0
360290061005,170.2432788,0.2268431,0.02484472,20522,0.299829642,0.073724008,0.351606805,0.128205128,0.568627451,0.54536862,0.026041667,0.05483871,0,0,0.252747253,0.031190926,0.109640832,0.199764179,324609,324114,0
360290066012,170.214,0.054922974,0.009990917,52254,0,0.087073007,0.069658406,0.094052559,0.326923077,0.168117883,0,0.028121485,0,0,0.048409405,0,0.120562626,0.187932902,325810,323595,0
360290063014,161.1700367,0.19414744,0.086486486,36403,0.070871722,0.064737616,0.245218244,0.168057211,0.34375,0.276115743,0,0.015075377,0,0.019070322,0.226460072,0.004413928,0.111819519,0.203758636,325357,324741,0
360290069042,167.1762217,0.357522124,0.097402597,25964,0.328981723,0.099115044,0.254867257,0.249056604,0.819444444,0.810619469,0.219469027,0.290909091,0,0,0.260377358,0.024778761,0.118584071,0.115173476,324992,322654,0
360290049012,177.9843933,0.144890039,0.038961039,28549,0.042047532,0.172056921,0.243208279,0.367601246,0.281914894,0.287192755,0.014354067,0,0,0,0.018691589,0,0.08538163,0.13595099,327244,327141,0
360290007002,311.214,0,0.027322404,36523,0,0.158075601,0.265750286,0.124183007,0.125925926,0.111111111,0,0,0,0,0.019607843,0,0.113402062,0.112797898,331953,315123,0
360290048002,181.4063621,0.172982885,0.009776536,43497,0.060878244,0.144865526,0.303789731,0.232771822,0.162977867,0.135696822,0,0.206794682,0,0.018376723,0.134762634,0.004889976,0.09596577,0.155774699,328502,327250,0
360290053002,175.3354992,0.473684211,0.112195122,11708,0.142307692,0.078612717,0.005780347,0.349206349,0,0.485549133,0,0.783653846,0,0,0.64021164,0.739884393,0.095953757,0.136077482,327436,325449,0
360290071043,190.7272364,0.80495356,0,12450,0.274305556,0.349845201,0.077399381,0.913461538,1,0.854489164,0.383900929,0.341346154,0,0,0.663461538,0.040247678,0.052631579,0.052542086,325021,321461,0
360290069012,178.5836132,0.220149254,0.042622951,18088,0.57204611,0.021455224,0.297574627,0.150837989,0.392996109,0.742537313,0.297504798,0.019851117,0,0.055865922,0.156424581,0,0.059701493,0.113051106,324965,323125,0
360290069013,170.6973132,0.270951481,0.063235294,21396,0.247630332,0.058601134,0.420289855,0.344294004,0.457286432,0.763705104,0.116511794,0,0,0.152804642,0.361702128,0,0.076874606,0.142734498,324559,323381,0
360290058013,134.9575985,0.24952381,0,19112,0.340057637,0.099047619,0.257142857,0.402985075,0.391666667,0.807619048,0.220238095,0,0,0,0.084577114,0,0.205714286,0.127468676,323648,328587,0
360290069041,174.648469,0.329749104,0.14380531,28166,0.131818182,0.086021505,0.227001195,0.333333333,0.547368421,0.572281959,0.040100251,0.046997389,0,0.054347826,0.278985507,0,0.126642772,0.162258501,325139,322155,0
360290061004,166.1513448,0.785507246,0.002597403,15642,0.474418605,0.041545894,0.503381643,0.429708223,0.685220729,0.663768116,0.14941302,0.023752969,0,0.074270557,0.188328912,0,0.216425121,0.19687269,324825,324212,0
360290047023,152.5516686,0.471319312,0.014412417,16048,0.071969697,0.128051589,0.113772455,0.178835979,1,0.691847075,0,0.09825998,0,0,0.231746032,0.008751727,0.108705666,0.12411044,330110,327614,0
360290171002,154.6667149,0.464958553,0.05399568,14444,0.166416792,0.070836473,0.407686511,0.202672606,0.276169265,0.59080633,0.065587045,0,0,0,0.236080178,0,0.118311982,0.204850872,324928,325062,0
360290051004,162.9678831,0.491628615,0.079002079,28248,0.130584192,0.086494689,0.314871017,0.3974122,0.85971223,0.541729894,0.011111111,0,0,0,0.219963031,0.008345979,0.074355083,0.133332587,326908,327782,0
360290010005,295.5551618,0.085277247,0.018453427,33070,0.019918284,0.315609571,0.194075199,0.331162791,0,0.078237752,0,0,0,0.049302326,0.039069767,0,0.083934675,0.116497266,331831,317409,0
360290063011,169.4453416,0.065934066,0.029891304,38452,0,0.073926074,0.210789211,0.212669683,0.274881517,0.244755245,0.021226415,0.101626016,0.036585366,0,0,0,0.165834166,0.193811241,325863,324996,0
360290169001,162.7856246,0.071284465,0.093160377,85054,0,0.133600534,0.287909152,0.176271186,0,0.19505678,0,0.3727422,0,0,0.110169492,0,0.09752839,0.14199323,326409,324267,0
360290040031,142.0076361,0.325816485,0.162337662,15436,0.295302013,0.166407465,0.379471229,0.595197256,0.945626478,0.958786936,0.003246753,0.377990431,0,0.010291595,0.370497427,0,0.079315708,0.161688017,329767,326285,0
360290057003,138.1201504,0.057004245,0.076013514,18138,0.162790698,0.047907823,0.405093996,0.187096774,0.634390651,0.707095209,0.005832793,0,0,0,0.098924731,0.002425713,0.129169193,0.160404994,324188,327820,1
360290059001,137.286,0.332635983,0.0625,16767,0.307407407,0.077405858,0.215481172,0.676767677,1,0.148535565,0.033936652,0,0,0,0.035353535,0,0.163179916,0.140973177,323840,326973,1
360290043004,150.5725043,0.051383399,0,38637,0,0.304347826,0.113306983,0.207756233,1,0.363636364,0,0,0,0,0.08033241,0,0.089591568,0.122388824,332229,327221,1
360290063013,168.1326931,0.034172662,0,65682,0.052287582,0.25,0.044964029,0.394160584,0,0.176258993,0,0,0,0,0.03649635,0,0.170863309,0.166555624,325514,324563,1
360290166003,207.9716213,0.448609432,0.179039301,17066,0.076923077,0.160822249,0.174123337,0.368737475,1,1,0,0,0,0,0.412825651,0,0.107617896,0.174761262,328676,321986,1
360290070003,172.0119739,0.020853081,0.050724638,27940,0.108910891,0.090452261,0.280569514,0.233944954,0.406153846,0.61641541,0.0639481,0,0,0,0.220183486,0.119765494,0.115577889,0.119172347,324546,322601,1
360290048001,171.384027,0.086206897,0.015988372,53398,0.068891281,0.17876588,0.112522686,0.108829569,0.177419355,0.117967332,0,0.034482759,0,0,0.028747433,0.003629764,0.16061706,0.114213997,328062,327372,1
360290049021,161.7661957,0.010943912,0,45702,0.045492839,0.090971272,0.154582763,0.056463596,0.5,0.384404925,0,0.024745269,0,0,0.020802377,0.000683995,0.106019152,0.121225749,327581,327989,1
360290169004,177.1814957,0.225508318,0.020380435,23314,0.013257576,0,0.019955654,0.052631579,0,0.39985218,0,0.255434783,0,0,0.176470588,0.60014782,0.094604582,0.117472129,327048,324515,1
360290063012,176.643,0.065491184,0.034220532,49491,0.039246468,0.137376238,0.131188119,0.168674699,0.346153846,0.15470297,0,0.263403263,0,0,0.026506024,0,0.143564356,0.163416853,325846,324574,1
360290058011,136.850184,0.270058708,0.005319149,27018,0.13093415,0.136986301,0.270058708,0.447108604,0.642004773,0.384540117,0.065565307,0,0.011157601,0.08180536,0.104372355,0,0.093444227,0.12505479,324331,328895,1
360290054004,177.2126359,0.277244987,0,72316,0.069736842,0.204010462,0.211857018,0.308910891,0.111888112,0.096774194,0,0.131238447,0.140480591,0,0.027722772,0.006974717,0.087183958,0.130543181,327614,326835,1
360290007005,304.4676168,0.031887755,0,47948,0.015280136,0.230867347,0.169642857,0.174698795,0.135338346,0.035714286,0,0,0,0,0.090361446,0.011479592,0.103316327,0.104165985,331393,315486,1
360290056002,145.7531435,0.088669951,0.095419847,27145,0.154661017,0.285714286,0.177339901,0.476190476,0,0.500821018,0.018062397,0,0,0,0.04029304,0,0.185550082,0.105826291,325199,328054,1
360290046013,153.0675393,0.529980658,0,19392,0,0.032882012,0.099613153,0.197368421,0.831578947,0.502901354,0,0,0,0,0.218421053,0,0.159574468,0.125399068,330025,327952,1
360290010003,305.1317446,0.213375796,0.062622309,33456,0.121538462,0.167550371,0.16330859,0.323353293,0.444444444,0.130434783,0.023758099,0.105263158,0,0,0.119760479,0.073170732,0.125132556,0.121780192,331933,316114,1
360290065011,175.0818478,0.167755991,0.057755776,47262,0,0.065359477,0.227668845,0.148883375,0.688995215,0.416122004,0.032722513,0.193548387,0,0.037220844,0.074441687,0.01416122,0.203703704,0.142547274,325887,324093,1
360290028012,228.020791,0.56,0.120481928,13592,0.286219081,0.16,0.386,0.300653595,0.764705882,0.762,0.0591133,0.015748031,0,0.026143791,0.614379085,0,0.28,0.208440476,331002,321951,1
360290014041,223.5898039,0.73006135,0.626760563,7857,0.463687151,0.193251534,0.242331288,0.438679245,1,1,0.05204461,0.444126074,0,0,0.740566038,0,0.079754601,0.188448799,327759,320275,1
360290070002,178.2527423,0.614035088,0,18036,0.280412371,0.100103199,0.367389061,0.174940898,0.930379747,0.702786378,0.183486239,0.387337058,0,0,0.661938534,0,0.104231166,0.098883551,324154,322186,1
360290063022,163.6509647,0.046812749,0,66362,0.050285714,0.23591213,0.074498567,0.194899818,0.142857143,0.221585482,0.00589391,0.055846422,0,0,0.058287796,0.041069723,0.149952245,0.154325092,326359,324583,1
360290056005,155.3526891,0.20609319,0.034946237,30589,0.137019231,0.14516129,0.23297491,0.164556962,1,0.311827957,0,0,0,0,0.186708861,0,0.111111111,0.129190095,325556,327611,1
360290002003,280.684287,0.099607843,0.009950249,34223,0.040899796,0.120784314,0.105098039,0.161993769,0.104651163,0.285490196,0,0.091559371,0,0,0.200934579,0.010196078,0.079215686,0.134521451,330021,316242,1
360290061002,161.1508752,0.441150045,0,28596,0.177288528,0.035040431,0.208445642,0.576763485,1,0.637915544,0,0.103915663,0,0,0.502074689,0.010781671,0.140161725,0.19739395,325025,324226,1
360290053001,173.2669038,0.078145695,0.025817556,57743,0,0.085750315,0.151324086,0.261146497,0.313043478,0.292559899,0.024064171,0,0,0,0.031847134,0.041614124,0.124842371,0.115291452,327885,326025,1
360290071042,191.8393236,0.32261522,0.206,24580,0.113798009,0.058885384,0.213459516,0.364361702,0.654054054,0.76340694,0.100552486,0.124378109,0,0.058510638,0.119680851,0.036803365,0.124079916,0.153568229,325380,321541,1
360290025021,201.55513,0.554497354,0.143979058,23959,0.281869688,0.250790306,0.144362487,0.474683544,0.649635036,0.849315068,0,0.488924051,0,0,0.555379747,0.023182297,0.071654373,0.168863248,326906,321544,1
360290030002,231.3171813,0.6048,0.214574899,15935,0.187122736,0.144,0.430933333,0.557911909,0.15,0.9728,0.028223575,0.254385965,0,0.081566069,0.438825449,0,0.093866667,0.217561335,331817,322293,1
360290057002,137.8617628,0.432938856,0,12744,0.478688525,0.024654832,0.194280079,0.295890411,0.792592593,0.695266272,0.074594595,0,0,0,0.197260274,0,0.118343195,0.148448452,323882,327354,1
360290059004,143.7352372,0.412143514,0.186046512,12034,0.11682243,0.014719411,0.234590616,0.322115385,1,0.436062557,0.062811565,0.045673077,0,0,0.53125,0,0.093836247,0.13349707,324038,326311,1
360290061003,174.5979793,0.601147776,0.020325203,12966,0.494871795,0.071736011,0.304160689,0.395604396,0,0.7517934,0.220930233,0,0,0.258241758,0.230769231,0.035868006,0.220946915,0.184906571,324761,323710,1
360290054001,179.4554853,0.067035245,0.160443996,76523,0.017369727,0.217000691,0.107118176,0.0968523,0,0.230131306,0.016487455,0.241836735,0,0,0.078692494,0,0.114720111,0.124370579,326809,326234,1
360290016011,235.550785,0.417674908,0.129925453,14833,0.260536398,0.097317201,0.239347712,0.538221529,0.70989011,0.792740663,0.186459489,0.299751244,0,0.059282371,0.433697348,0,0.165176223,0.217060985,330099,320867,1
360290052011,174.9131934,0.125822368,0.037546934,44871,0.007658643,0.123355263,0.186677632,0.162046908,0.259911894,0.076480263,0,0,0.041420118,0.049040512,0.017057569,0.022203947,0.125822368,0.156480815,328399,326638,1
360290027042,215.7522261,0.147887324,0.116972477,19773,0.394383394,0.230633803,0.272887324,0.798342541,0,0.493838028,0.316231343,0,0,0,0.016574586,0,0.070422535,0.182677386,329765,321903,1
360290066023,167.7019044,0.256373938,0.032258065,47394,0.101769912,0.315436242,0.02147651,0.286956522,1,0.377181208,0,0.513761468,0,0.030434783,0.539130435,0.084563758,0.073825503,0.133863947,326799,323583,1
360290069011,183.429,0.250489237,0,18393,0.2984375,0.090019569,0.338551859,0.346749226,0.526011561,0.721135029,0.185068349,0,0,0.086687307,0.179566563,0.000978474,0.111545988,0.201714746,325093,323410,1
360290005002,242.765666,0.463448276,0.060240964,25611,0.160849772,0.191724138,0.060689655,0.487571702,0.842105263,0.042758621,0.008344924,0.189141856,0,0,0.479923518,0,0.212413793,0.153222672,327135,318397,1
360290051001,159.2931539,0.087373737,0,46045,0.012292563,0.134224864,0.086181278,0.198820556,0.207407407,0.197622585,0.033112583,0.01600674,0,0,0.127211457,0,0.129767211,0.121692088,328131,328379,1
360290043005,150.2207832,0.333900613,0,20211,0.170437406,0.094622192,0.306671205,0.292145594,0.857798165,0.755956433,0,0,0,0,0,0,0.033015657,0.149419554,331478,327396,1
360290069031,168.6541696,0.122529644,0.078465562,40897,0.179674797,0.103331451,0.162055336,0.2725,0.057142857,0.46188594,0.116335142,0.015538291,0,0.045,0.11375,0.005081875,0.133822699,0.1920364,325364,322686,2
360290051002,157.4974358,0.553014553,0.057416268,21623,0.121597096,0.108108108,0.303534304,0.287804878,0.279850746,0.681912682,0,0.285132383,0,0,0.358536585,0,0.042619543,0.125409865,327021,328255,2
360290063021,174.8007164,0.083945435,0.027826087,63309,0.006006006,0.157397692,0.220356768,0.187347932,0,0.053515215,0,0,0,0,0.04136253,0.010493179,0.149003148,0.125143846,326410,325383,2
360290036002,189.571,0.602941176,0,21126,0.147058824,0.173529412,0.267647059,0.340659341,1,1,0,0.103960396,0,0.115384615,0.296703297,0,0.194117647,0.171986692,330443,323395,2
360290045005,166.9890211,0.088724584,0.072434608,40809,0.09984639,0.092916283,0.321987121,0.065420561,0.242957746,0.256669733,0,0,0,0,0,0.004599816,0.166513339,0.174600155,329133,327232,2
360290042004,157.0791841,0.770715096,0.047058824,7710,0.189368771,0.077185017,0.561861521,0.54,1,0.989784336,0.02247191,0,0,0,0.46,0,0.103291714,0.144668191,330534,325976,2
360290033013,188.9770175,0.220760234,0,27356,0.144259078,0.070422535,0.216901408,0.222222222,0.553191489,0.966901408,0,0,0,0,0.354642314,0,0.133802817,0.176456087,328402,323855,2
360290068011,196.3915415,0.061148397,0.047713718,52561,0.004127967,0.029082774,0.168530947,0.081743869,0.053097345,0.382550336,0.006369427,0.433411215,0,0,0.113079019,0.020134228,0.165548098,0.177363048,326357,321841,2
360290044011,168.7760814,0.099250936,0.025044723,26594,0.121765601,0.18071161,0.22752809,0.559322034,0.651982379,0.97752809,0.018072289,0,0,0,0.01937046,0.003745318,0.119850187,0.123186451,331777,326407,2
360290001102,286.1184393,0.114961961,0.121621622,20756,0.053811659,0.163989856,0.38715131,0.384792627,0.956228956,0.335587489,0,0,0,0.069124424,0.225806452,0,0.088757396,0.115862317,329995,315710,2
360290168021,188.5229449,0.102917342,0.078651685,27303,0.148018648,0.138573744,0.108589951,0.319148936,0.653061224,0.987034036,0,0.105448155,0,0,0.172340426,0,0.139384117,0.165436191,327595,324112,2
360290002001,279.3547867,0.153184165,0.194508009,19691,0.190551181,0.055938038,0.453528399,0.126649077,0.604696673,0.378657487,0.005988024,0,0,0.042216359,0.155672823,0.005163511,0.116179002,0.333303276,330059,317407,2
360290171004,166.6820497,0.073667712,0,24276,0.416901408,0.086206897,0.39184953,0.269230769,0,0.536050157,0.035897436,0,0,0.096153846,0.278846154,0,0.205329154,0.189085029,324691,324705,2
360290165002,206.9568392,0.343799058,0,93273,0.190705128,0.183673469,0.014128728,0.246511628,1,0.510204082,0.100318471,0.83030303,0,0,0.325581395,0.150706436,0.20722135,0.245448249,326402,321107,2
360290024002,237.9821903,0.331692913,0.075949367,20717,0.10373444,0.143700787,0.220472441,0.577830189,0.256830601,0.288385827,0.01572327,0.025896414,0,0.113207547,0.205188679,0,0.102362205,0.153690531,331747,321482,2
360290071041,191.6600092,0.726315789,0,15133,0.040358744,0,0.413157895,0.25,0.318471338,0.405263158,0.091922006,0,0,0,0.335714286,0,0.134210526,0.198101401,325397,321770,2
360290006003,296.8843434,0.190130624,0.044117647,55035,0,0.233671988,0.088534107,0,0,0,0,0,0,0.024937656,0.117206983,0,0.155297533,0.119661104,330809,314976,2
360290028011,223.0434507,0.665250637,0.190104167,11555,0.266666667,0.007588533,0.480607083,0.31147541,0.357798165,0.930016863,0.125905797,0,0,0.091803279,0.521311475,0,0.123946037,0.187969313,330414,321826,2
360290068023,189.9255231,0.177598385,0,72405,0.07117853,0.047426842,0.100908174,0.109589041,0,0.14530777,0,0.237547893,0,0.018835616,0.188356164,0,0.187689203,0.223064356,326103,322015,2
360290168011,186.3444574,0.191855204,0.075085324,21860,0.098387097,0.098920863,0.17176259,0.218241042,0.461956522,0.951438849,0.068441065,0,0,0.058631922,0.426710098,0.006294964,0.124100719,0.17669933,327560,322865,2
360290052012,169.857,0.023160763,0.075247525,54436,0,0.187837838,0.160810811,0.125714286,0.230088496,0.233783784,0,0,0,0,0,0,0.174324324,0.161829219,328661,326247,2
360290056003,152.507211,0.431305537,0.023364486,13781,0.152690864,0.059466849,0.358851675,0.523049645,0.925925926,0.809979494,0.043062201,0.400679117,0,0,0.132978723,0.021189337,0.090909091,0.150474838,325337,327294,2
360290171001,156.6201693,0.538167939,0.155963303,20461,0.330808081,0.039440204,0.292620865,0.1,1,0.683206107,0,0.212765957,0,0,0.24,0,0.138676845,0.151036284,323953,325186,2
360290045001,156.3803467,0.031982942,0.085139319,42130,0.214814815,0.173773987,0.070362473,0.257019438,0.166666667,0.219616205,0,0,0,0,0,0.046908316,0.141791045,0.142611434,329331,327928,2
360290049022,170.1000606,0.166391185,0,47307,0.011295181,0.026997245,0.110192837,0.06741573,0.295698925,0.310743802,0,0.165460186,0.020682523,0,0.03258427,0.005509642,0.089256198,0.124151159,327577,327608,2
360290067021,172.252187,0.410085633,0.078544061,29678,0,0.216936251,0.104662226,0.325722983,1,0.236917222,0,0.6,0,0.111111111,0.321156773,0,0.081826832,0.109238579,326657,322989,2
360290048003,156.0060743,0.184194151,0.0602537,45389,0.024227235,0.178856792,0.257529195,0.12312812,0.623306233,0.248924401,0,0.044274809,0,0.038269551,0.104825291,0,0.141364474,0.124752712,328401,327925,2
360290005001,241.1917605,0.353383459,0.062370062,23758,0.110977081,0.144461078,0.34505988,0.328031809,0.691111111,0.379491018,0.019182652,0,0,0,0.24055666,0,0.154191617,0.206007768,326609,318133,2
360290066022,163.1766987,0.066546763,0.051587302,45205,0.065705128,0.222222222,0.041847042,0.029032258,0.448275862,0.141414141,0,0.174193548,0,0.012903226,0.116129032,0.197691198,0.108225108,0.101989832,326301,323461,2
360290166001,214.4287585,0.28150874,0.217252396,13172,0.301369863,0.09475621,0.493100276,0.405594406,0.444029851,0.97700092,0.048840049,0,0,0.13986014,0.548951049,0,0.093836247,0.175661634,328788,321464,2
360290023002,258.429,0.417490494,0.204771372,17789,0.128712871,0.137642586,0.35513308,0.446300716,0.406896552,0.36730038,0.024428684,0,0.06935123,0.064439141,0.205250597,0.002281369,0.10418251,0.1793318,331839,320668,2
360290010004,298.355553,0.486966825,0.194174757,17322,0,0.1492891,0.252369668,0.142857143,0.408163265,0.340047393,0,0,0,0.108294931,0.290322581,0,0.119668246,0.13524209,331200,317228,2
360290043007,151.8686052,0.466592428,0.130563798,10327,0.068571429,0.016703786,0.521158129,0.218518519,0.43872549,0.877505568,0.033169533,0,0,0.162962963,0.174074074,0,0.059020045,0.160839243,331890,326886,2
360290054002,168.5482001,0.143812709,0.023706897,29451,0.176197836,0.154960981,0.220735786,0.123752495,0.621212121,0.353400223,0,0.327868852,0,0,0.153692615,0.011148272,0.198439242,0.130026338,326347,326748,2
360290047021,148.8515961,0.37823372,0,21007,0.014354067,0.029010239,0.014505119,0.142857143,1,0.51109215,0,0,0,0,0.210526316,0.060580205,0.133959044,0.147920543,330799,327448,2
360290015002,221.119421,0.46996997,0.286764706,18598,0.1678487,0.100600601,0.364864865,0.279693487,0.443514644,0.951951952,0.106145251,0.052777778,0,0,0.540229885,0,0.130630631,0.208981875,328348,320922,2
360290055004,164.5316515,0.459879206,0,16989,0.059936909,0.006902502,0.366695427,0.223529412,0.024630542,0.552200173,0.238779174,0.186893204,0,0.191176471,0.252941176,0,0.113028473,0.13736442,325601,326400,2
360290044013,167.7439291,0.252407501,0.011730205,27913,0.065420561,0.177901673,0.216421693,0.439450687,0.700712589,0.876837304,0.021917808,0.014687882,0,0,0.220973783,0,0.085149518,0.115192488,331996,325982,2
360290025022,212.771417,0.104438642,0,53319,0.017094017,0.464751958,0.036553525,0.03539823,1,0.971279373,0,0,0,0,0.17699115,0.028720627,0.138381201,0.244022653,327403,320966,2
360290036004,177.6651843,0.237042683,0.295825771,19474,0.211937716,0.285823171,0.115091463,0.355513308,0.183673469,0.972560976,0.038871951,0,0,0.081749049,0.287072243,0.131859756,0.108993902,0.195220271,330564,324157,2
360290169003,179.0483,0.301549464,0.117647059,34549,0.113752122,0.250572082,0.187643021,0.433168317,0.8,0.411899314,0,0.514563107,0,0.01980198,0.235148515,0.040045767,0.155606407,0.142248404,327014,324131,2
360290040022,156.0165965,0.200612557,0.109414758,27371,0.057934509,0.050535988,0.300153139,0.222222222,0.31122449,0.477794793,0,0.159744409,0,0.072916667,0.322916667,0.009188361,0.182235835,0.196816073,328991,326373,2
360290034003,184.023202,0.119815668,0.002364066,81451,0.146341463,0.126728111,0.286866359,0.498607242,0.785046729,1,0,0,0,0,0.298050139,0,0.120967742,0.162632815,328933,323969,2
360290038002,192.9496011,0.175990676,0.25862069,18331,0.280163599,0.062937063,0.233100233,0.176678445,0.191860465,1,0.01547619,0,0,0,0.243816254,0,0.108391608,0.152579664,332117,323956,2
360290052013,164.9135621,0.07615894,0,33275,0.056603774,0.097701149,0.221264368,0.303249097,0.142857143,0.58045977,0.004643963,0.111111111,0,0.198555957,0.144404332,0.165229885,0.140804598,0.135638247,328565,325523,2
360290007001,310.2980689,0.010221465,0.050209205,57467,0.017948718,0.260647359,0.31516184,0.125,0.254054054,0.115843271,0,0,0,0,0,0,0.110732538,0.1195885,331856,315465,2
360290006001,295.5629475,0.020886616,0.049075391,35329,0.011065812,0.124467178,0.229752771,0.167883212,0.531007752,0.283034953,0,0,0.013913043,0,0.033368092,0,0.094202899,0.108710855,330687,315623,2
360290163001,251.5657167,0.549132948,0.472222222,13414,0.140243902,0.098265896,0.271676301,0.712280702,0.722222222,0.306358382,0.008941878,0,0.026706231,0,0.456140351,0,0.215317919,0.204944398,329175,319198,2
360290164003,227.2549656,0.214285714,0.135802469,23643,0.137447405,0.060150376,0.131578947,0.43594306,0.844262295,0.854323308,0.036489152,0.392739274,0,0.028469751,0.197508897,0,0.052631579,0.182886979,327164,319633,2
360290043001,150.6906358,0.299657534,0,16933,0.066298343,0.155821918,0.272260274,0.041152263,0.264150943,0.511986301,0,0,0,0,0.267489712,0.011986301,0.202054795,0.12695839,331828,327365,2
360290058022,135.8870759,0.351488744,0.078804348,23123,0.209587514,0.11328976,0.249818446,0.179245283,0.400641026,0.543209877,0.11866969,0.015734266,0,0,0.169811321,0,0.135802469,0.156434345,323381,327688,2
360290016021,222.6864823,0.341630901,0.221428571,17321,0.19047619,0.2472103,0.182832618,0.436988543,0.174603175,0.760515021,0.139273356,0.041984733,0,0,0.332242226,0.011158798,0.214592275,0.200828165,329071,320892,2
360290033021,191.2017732,0.424290221,0.137809187,15285,0.335748792,0.154574132,0.285488959,0.515021459,0.234939759,0.695583596,0,0,0,0,0.60944206,0,0.203470032,0.170635933,328176,323119,2
360290050001,163.7515868,0.227923628,0.058,46630,0.059334298,0.116113744,0.117298578,0.158362989,0.14893617,0.328199052,0.053884712,0.276422764,0,0,0.199288256,0.014218009,0.204976303,0.140551234,326432,327352,2
360290042001,165.6529162,0.250340136,0.023489933,28347,0.174664107,0.219047619,0.246258503,0.254681648,0.407692308,1,0.066255778,0,0,0.041198502,0.314606742,0,0.145578231,0.149354514,330990,326370,2
360290057001,140.4576827,0.798722045,0,8725,0.248201439,0.039936102,0.47284345,0.391304348,1,0.931309904,0.308394161,0.359183673,0,0.104347826,0.817391304,0,0.154952077,0.132396174,324394,327704,2
360290029001,213.0677353,0.542016807,0.180952381,9447,0.137767221,0.176066025,0.301237964,0.666666667,0,0.878954608,0.00798722,0,0,0,0.465753425,0.119669876,0.140302613,0.197504545,331226,322901,2
360290008004,306.4468312,0.066549912,0,51605,0.03286385,0.129597198,0.210157618,0.032258065,0,0.04028021,0,0.048387097,0,0,0,0,0.145359019,0.110502422,331452,315829,2
360290047012,155.406201,0.305867665,0.17414966,23424,0.162132753,0.083281541,0.280298322,0.297478992,0.671171171,1,0.014388489,0,0,0,0.233613445,0,0.091982598,0.149894395,330883,326725,2
360290009003,300.9588486,0.092369478,0.059096176,40839,0.039735099,0.126907631,0.082730924,0.162751678,0.737864078,0.155823293,0.000845309,0.069536424,0,0,0.093959732,0.004016064,0.077911647,0.121174565,331222,316656,2
360290033023,190.027913,0.073834197,0.149350649,22806,0.109589041,0.159326425,0.243523316,0.489270386,0.520231214,0.983160622,0,0.054862843,0,0.042918455,0.08583691,0,0.260362694,0.177111852,328290,323572,3
360290071023,193.1988771,0.429042904,0.119760479,26021,0.221461187,0.087458746,0.143564356,0.123376623,0.747126437,0.737623762,0.325663717,0.255319149,0,0,0.334415584,0,0.156765677,0.215799483,325631,321419,3
360290046011,155.5356674,0.278145695,0.01179941,31078,0.130750605,0.188741722,0.07781457,0.1886121,0.191489362,0.387417219,0.014900662,0,0,0,0.359430605,0,0.152317881,0.149529454,329646,328414,3
360290023001,259.0790622,0.209055877,0.085365854,26562,0.297752809,0.132947977,0.278420039,0.460957179,0.606498195,0.387283237,0.051102204,0.020979021,0,0.035264484,0.166246851,0,0.145472062,0.174621753,332168,320671,3
360290069014,171.2011694,0.492592593,0,75020,0.462121212,0.22962963,0.238888889,0.652173913,0.15503876,0.583333333,0.150627615,0.244582043,0,0,0.56187291,0,0.177777778,0.109055278,324721,323009,3
360290049023,171.1869651,0.128834356,0,49169,0.057842047,0.189161554,0,0.265734266,0,0.154396728,0.034764826,0.128824477,0,0,0.031468531,0.003067485,0.178936605,0.111649216,327012,327430,3
360290036003,189.6994543,0.07771261,0.08677686,15292,0.229398664,0.183284457,0.278592375,0.452261307,0.110526316,0.976539589,0.214506173,0.046413502,0,0.115577889,0.381909548,0,0.137829912,0.198227323,330797,323419,3
360290017002,237.9161072,0.366300366,0,20474,0.304597701,0.201465201,0.22954823,0.378723404,0.265306122,0.431013431,0.046113307,0,0,0.09787234,0.187234043,0.006105006,0.189255189,0.209028058,328880,319934,3
360290045002,151.0578749,0.127721335,0.032943677,40379,0.013143483,0.070503597,0.083453237,0.229802513,0.801724138,0.927338129,0,0.243006993,0,0,0.077199282,0.008633094,0.078417266,0.138141615,329772,326832,3
360290008002,291.935637,0.17496112,0.161556604,40029,0.033745782,0.099845201,0.205108359,0.2864494,0.401015228,0.116099071,0,0,0,0,0.10806175,0,0.147832817,0.12872788,330535,316640,3
360290024001,252.1347198,0.046532847,0.015822785,36778,0.102372035,0.083557951,0.209344115,0.213157895,0.720670391,0.174303684,0,0,0,0,0.134210526,0,0.128481581,0.160797549,331862,321096,3
360290008001,295.3485233,0.05344296,0.020220588,30061,0.209580838,0.162384378,0.21274409,0.303116147,0.183246073,0.274409044,0.035106383,0.016997167,0,0,0.016997167,0,0.112024666,0.107163062,330685,316009,3
360290033012,185.857,0.180041152,0.063291139,43770,0.288762447,0.327160494,0.134773663,0.277310924,0.225806452,0.933127572,0.084862385,0.034862385,0,0,0.289915966,0,0.158436214,0.183960483,328570,324259,3
360290024003,238.131194,0.34109817,0.061696658,21443,0.296127563,0.098169717,0.231281198,0.28959276,1,0.116472546,0,0,0.062091503,0,0.226244344,0,0.264559068,0.190273744,331314,321364,3
360290006004,299.9051969,0.021008403,0.098591549,41930,0.120980092,0.338440111,0.08913649,0.26645768,1,0.034818942,0,0,0,0,0.065830721,0.005571031,0.183844011,0.119501192,330794,314688,3
360290023004,254.2290526,0.484340045,0.099773243,17339,0.267993874,0.061521253,0.214765101,0.584245077,0.56875,0.544742729,0.020737327,0.198782961,0,0,0.297592998,0.011185682,0.201342282,0.20690811,331254,320761,3
360290065014,165.5979173,0.177130045,0.01384083,30290,0,0.235426009,0.096412556,0.073578595,0,0.219730942,0.004587156,0,0,0,0.193979933,0,0.206278027,0.207169616,325216,324082,3
360290033022,191.0902691,0.170977011,0.120743034,21773,0.121082621,0.319011815,0.226638024,0.491349481,0.312796209,0.817400644,0.01416122,0.063981043,0,0,0.498269896,0.252416756,0.149301826,0.181107651,328547,323036,3
360290010001,303.0999385,0.200723327,0.109852775,31603,0.112299465,0.027124774,0.122061483,0.263888889,0.466666667,0.037974684,0,0.025333333,0,0,0.164930556,0,0.127486438,0.120619104,332124,316544,3
360290164004,246.370504,0.379685611,0.05952381,19509,0.305007587,0.021765417,0.107617896,0.554166667,1,0.085852479,0,0.069767442,0,0.129166667,0.245833333,0,0.142684401,0.22565312,328180,318837,3
360290043006,172.5346995,0.382746051,0,15461,0.098920863,0.17253949,0.278250304,0.185303514,0.310043668,1,0,0,0,0,0.194888179,0,0.151883354,0.142583618,331445,326543,3
360290061001,170.0935133,0.298122066,0.10653753,21154,0.114238411,0.066901408,0.232394366,0.358490566,0.650793651,0.737089202,0.042527339,0,0,0,0.438679245,0,0.246478873,0.157680437,324090,324013,3
360290007003,312.4984243,0.073746313,0,37706,0.140468227,0.262536873,0.088495575,0.275,0,0.07079646,0,0,0,0,0,0.050147493,0.194690265,0.116646876,331914,314718,3
360290165001,214.9114302,0.171919771,0.037593985,46427,0.087215064,0.025787966,0.068051576,0.054127199,0.569620253,0.49713467,0,0.910904255,0,0.01623816,0.129905277,0.25,0.335959885,0.169726301,326244,320065,3
360290052022,176.0642467,0.377099237,0.065217391,26037,0.123287671,0.142748092,0.267938931,0.288248337,0.226837061,0.872519084,0.086021505,0,0,0.015521064,0.159645233,0,0.132061069,0.182412827,328544,324851,3
360290001101,298.0725009,0.147147147,0.025062657,24233,0.113924051,0.225373134,0.125373134,0.496621622,0.1625,0.343283582,0,0,0,0,0,0.007462687,0.097014925,0.137625121,329991,314960,3
360290040021,162.1379362,0.436090226,0.086614173,20774,0.147448015,0.193984962,0.17443609,0.267857143,0,0.956390977,0.272141707,0,0,0,0.325,0,0.230075188,0.189355925,329039,325440,3
360290023003,254.3098963,0.216513761,0.16838488,28005,0.114197531,0.089500861,0.282271945,0.397379913,0.551724138,0.666092943,0,0.062745098,0,0,0.174672489,0,0.180722892,0.219409601,331400,320565,3
360290045003,155.8115073,0.078089462,0.02345679,52280,0.044585987,0.246398787,0.119787718,0.176012461,0.139240506,0.113722517,0,0.066934404,0,0,0.023364486,0.018195603,0.128885519,0.134183246,329068,327892,3
360290044022,159.8964019,0.17752235,0.385356455,24056,0,0.14559387,0.307790549,0.036144578,0.726804124,0.900383142,0,0,0,0.078313253,0.177710843,0,0.140485313,0.146429392,331487,325467,3
360290055001,157.4492958,0.227984344,0.116104869,21146,0.326953748,0.089041096,0.286692759,0.224770642,0.646616541,0.35518591,0.075132275,0.090551181,0,0.084862385,0.371559633,0,0.175146771,0.163301591,325466,326834,3
360290065013,165.1820344,0.052730697,0.141221374,40736,0.01216545,0.248587571,0.141242938,0.176282051,0.08,0.024482109,0,0.008823529,0,0,0.105769231,0,0.222222222,0.184291501,325411,324086,3
360290171003,158.893312,0.228873239,0.054054054,26053,0.103703704,0.065140845,0.25528169,0.150470219,1,0.306338028,0.015122873,0.042505593,0,0.037617555,0.429467085,0,0.288732394,0.180129983,324982,324761,3
360290027041,206.2256666,0.821917808,0.351648352,4604,0.167539267,0.071232877,0.706849315,0.162601626,0.866,0.794520548,0.155597723,0,0.095238095,0.113821138,0.073170732,0,0.139726027,0.168803784,329696,322287,3
360290019002,283.0037112,0.043735225,0.06612411,32449,0.044283414,0.134751773,0.234042553,0.283540802,0.371212121,0.211583924,0,0,0,0,0.138312586,0,0.108156028,0.210697569,332111,318608,3
360290050002,157.017598,0.315508021,0,26164,0.0968523,0.185383244,0.126559715,0.117346939,1,0.278074866,0,0.048780488,0,0.066326531,0.020408163,0.01426025,0.165775401,0.126426916,326493,328003,3
360290024004,241.2326852,0.114624506,0.236619718,21078,0.09978308,0.197628458,0.335968379,0.285714286,0,0.507246377,0.014005602,0,0,0,0.263975155,0,0.179183136,0.12987313,332159,321508,3
360290011001,284.7960308,0.227526663,0.044444444,26498,0.242683797,0.200200702,0.229302559,0.431155779,0.542654028,0.351731059,0.031815688,0.141491396,0,0,0.062311558,0.002508781,0.096838936,0.161379494,331633,317870,3
360290042003,160.3153057,0.481624758,0.191780822,14636,0,0.119922631,0.352030948,0.468965517,0.657657658,1,0,0,0,0,0.562068966,0,0.20696325,0.16848132,331004,325528,3
360290040033,149.5523085,0.173492182,0.044802867,23727,0.152199762,0.153387937,0.306775875,0.251559252,0.490291262,0.950856292,0.09478673,0,0,0.014553015,0.243243243,0,0.128816083,0.177334266,329355,326104,3
360290071031,190.2607582,0.229299363,0,40398,0.030701754,0.054140127,0,0.042372881,0,0.197452229,0,0.101190476,0,0,0.190677966,0,0.168789809,0.174482992,325269,321943,3
360290059003,143.7878052,0.145135566,0,35943,0.014204545,0.130781499,0.371610845,0.611538462,0,0.566188198,0,0.099447514,0,0,0.273076923,0,0.192982456,0.120630958,324141,326654,3
360290010002,302.5,0.420600858,0,18035,0.149377593,0.226037196,0.310443491,0.65625,0.285714286,0.618025751,0.02349486,0,0,0,0,0,0.145922747,0.120619104,331941,317002,3
360290168022,187.7703697,0.262449529,0.035608309,30791,0.080733945,0.160206718,0.210594315,0.435215947,0.702898551,0.897932817,0,0.015801354,0,0.03654485,0.189368771,0.07622739,0.201550388,0.202323626,327546,323495,3
360290029004,208.4028593,0.332920792,0.058035714,25772,0.036259542,0.089108911,0.254950495,0.22962963,0.568306011,0.972772277,0.012594458,0,0.025974026,0,0.138271605,0,0.201732673,0.19535153,330199,322718,3
360290068021,176.5303098,0.249635036,0,40951,0.017175573,0.081751825,0.16350365,0.380630631,0.455357143,0.255474453,0.04400607,0.508264463,0,0,0.308558559,0.01459854,0.309489051,0.216594288,325893,322215,3
360290055003,149.0446272,0.488262911,0.064171123,16944,0.055900621,0.067605634,0.351173709,0.379781421,0.248663102,0.582159624,0.091365462,0,0,0.06284153,0.229508197,0.020657277,0.138967136,0.140183629,324620,326232,3
360290017001,240.1171585,0.401258851,0.240589198,18611,0.149944873,0.098248286,0.233054075,0.441707718,0.281407035,0.375476009,0.067062818,0.129082426,0,0.034482759,0.341543514,0,0.189642041,0.211499082,329590,320055,3
360290066011,179.9201693,0.451038576,0.260869565,21019,0.106666667,0.06231454,0.275964392,0.270114943,0.806451613,0.65578635,0.21474359,0.193650794,0,0,0.408045977,0,0.24925816,0.213239309,325430,323685,3
360290058021,135.0788651,0.443249701,0.115183246,18932,0.291233284,0.157706093,0.11827957,0.407925408,0.515151515,0.514934289,0.132616487,0.122844828,0,0.016317016,0.596736597,0,0.210274791,0.156575072,323882,328017,4
360290033011,188.8028497,0.395807645,0.03525641,20817,0.045627376,0.132555673,0.2873807,0.032520325,1,0.769883351,0.008383234,0.051851852,0,0,0.276422764,0.139978791,0.241781548,0.15646946,328140,324396,4
360290011002,280.3961965,0.091580502,0.029761905,32484,0.082191781,0.270310192,0.149187592,0.142394822,0.891089109,0.023633678,0,0,0,0,0.132686084,0,0.184638109,0.153560629,330789,317599,4
360290055002,163.5273335,0.520291363,0.075675676,18872,0.194533762,0.106139438,0.20603538,0.348979592,0.232323232,0.477627471,0.123931624,0.060150376,0,0.059183673,0.495918367,0.003121748,0.221644121,0.125651962,325072,326516,4
360290049011,175.6468585,0.19047619,0,44587,0.180194805,0.317006803,0.027210884,0.3401222,1,0.20952381,0,0.02715655,0,0,0.226069246,0.008163265,0.107482993,0.105984368,327563,327223,4
360290009001,289.5207568,0.041067762,0,36338,0.014457831,0.316221766,0.147843943,0.477876106,0.152777778,0.006160164,0,0,0,0,0.044247788,0,0.137577002,0.167323252,330622,317277,4
360290038001,196.6139436,0.536420102,0.105968331,17143,0.114837398,0.068012752,0.306057386,0.421974522,1,0.858129649,0.029034059,0,0,0.049363057,0.25955414,0.005844846,0.074920298,0.131359631,332106,324407,4
360290047022,151.7645984,0.318905156,0.063865546,24480,0,0.091024825,0.164863144,0.149390244,0.857142857,0.953532782,0,0.305,0,0,0.446646341,0,0.12221515,0.129882579,330254,327034,4
360290051003,157.3716258,0.151414309,0.057692308,41147,0.039130435,0.212978369,0,0.042959427,0,0.387687188,0,0,0,0,0.22673031,0,0.161397671,0.119548169,327123,328498,4
360290031002,199.2082525,0.155120482,0,19330,0.107216495,0.30873494,0.195783133,0.473913043,0,0.899096386,0.055722892,0,0,0,0.147826087,0,0.140060241,0.168951924,327708,322028,4
360290054003,170.0706678,0.011286682,0.109540636,62776,0.028614458,0.202031603,0.178329571,0.306306306,0,0.266365688,0,0,0,0,0.03003003,0,0.100451467,0.113246693,326163,326210,4
360290035011,203.2355938,0.288848263,0.247311828,24182,0.163814181,0.323583181,0.219378428,0.245059289,0.148514851,0.992687386,0.011650485,0.055172414,0,0,0.482213439,0.018281536,0.180987203,0.177633935,329775,322786,4
360290001103,272.8551594,0.12890625,0.035519126,21980,0.136915078,0.180989583,0.21875,0.221864952,0.833333333,0.177083333,0,0,0,0,0.07073955,0,0.223958333,0.298044299,328420,315988,4
360290031003,190.2301054,0.040345821,0,45621,0.151975684,0.126801153,0.051873199,0.035211268,1,0.636887608,0.027355623,0.140992167,0,0,0.281690141,0.031700288,0.262247839,0.157939744,327394,322179,4
360290027031,213.4913069,0.811748999,0.035190616,8253,0.356617647,0.054521277,0.347074468,0.394265233,0.265225933,0.916888298,0.22697126,0.292217327,0,0.03046595,0.564516129,0.029255319,0.218085106,0.188406093,329275,321961,4
360290042005,152.571,0.360561056,0.225512528,16556,0.137829912,0.073432343,0.339933993,0.498714653,0.912621359,0.992574257,0.029676259,0.028634361,0,0,0.205655527,0,0.129537954,0.13673268,330631,326269,4
360290035012,182.3772577,0.491631799,0,15798,0.114967462,0.078451883,0.418410042,0.095115681,0.476489028,0.987447699,0.162192394,0.074688797,0,0.269922879,0.503856041,0,0.126569038,0.192853474,330018,323345,4
360290029002,210.9752646,0.793548387,0.049586777,8503,0.40569395,0.1617357,0.42209073,0.293193717,0.261627907,0.950690335,0.144086022,0,0,0,0.303664921,0,0.25443787,0.197623205,330930,322879,4
360290166002,209.7544353,0.518207283,0,8934,0.676470588,0.526610644,0.210084034,0.829411765,1,0.879551821,0.205787781,0.199029126,0,0.005882353,0.758823529,0.028011204,0.260504202,0.167605616,328963,322146,4
360290024005,229.3806451,0.295536791,0.077151335,18329,0.514680484,0.06377858,0.202166065,0.378516624,0,0.600481348,0.057104914,0,0,0,0.345268542,0.004813478,0.286401925,0.202324987,330602,321377,4
360290037002,188.0823032,0.340839304,0.063451777,20426,0.22875817,0.042988741,0.331627431,0.531976744,1,0.830092119,0,0,0,0,0.569767442,0.006141249,0.22517912,0.202579653,331762,323494,4
360290034005,178.578982,0.262187088,0.324675325,17957,0.047882136,0.177545692,0.251958225,0.683046683,1,0.754569191,0,0.123173278,0,0,0.459459459,0.009138381,0.114882507,0.190429819,329443,324152,4
360290167002,280.2788858,0.41588785,0.328912467,26733,0.188065099,0.168224299,0.138629283,0.293849658,1,0.41588785,0,0,0.030245747,0,0.507972665,0,0.235202492,0.242635594,331776,319142,4
360290063023,169.9086729,0.183168317,0.086092715,73436,0.031690141,0.183168317,0.059405941,0.182186235,0.291666667,0.131188119,0,0.033707865,0,0,0.036437247,0,0.282178218,0.164414315,326404,324892,4
360290009002,295.8413284,0.102189781,0.051886792,30019,0.023752969,0.195255474,0.217153285,0.401486989,0.294117647,0.217153285,0,0,0,0,0.037174721,0,0.198905109,0.127110904,330988,316963,4
360290163002,251.3879604,0.180043384,0,25914,0.081012658,0.119305857,0.125813449,0.376811594,0.637931034,0.260303688,0,0,0,0,0.134057971,0,0.295010846,0.230348077,330465,319620,4
360290066013,180.8012289,0.06122449,0,21493,0.190600522,0.083487941,0.278293135,0.121848739,0,0.777365492,0.084033613,0.079545455,0,0.054621849,0.12605042,0,0.33580705,0.224058001,325336,323535,4
360290170002,166.3251032,0.275635767,0.3012939,21589,0.185221675,0.289581624,0.127973749,0.436532508,1,0.99097621,0,0,0,0,0.236842105,0.013945857,0.182936833,0.200162762,330130,324994,4
360290030003,213.3171365,0.045936396,0,20604,0,0.097173145,0.439929329,0.191780822,0.16064257,0.913427562,0.164,0.162790698,0,0,0,0.045936396,0.270318021,0.19875673,331593,322938,4
360290046014,143.9933069,0.177304965,0.023880597,45626,0,0.173049645,0.266666667,0.210714286,0.079787234,0.320567376,0,0.175925926,0,0,0.132142857,0,0.238297872,0.140767696,330356,328347,4
360290067011,176.5481457,0.274170274,0,38976,0.024,0.053391053,0,0.057742782,0,0.282828283,0.077922078,0.081927711,0,0,0.175853018,0,0.473304473,0.191813121,325468,323109,4
360290019003,277.6568959,0.494252874,0,18453,0.217687075,0.210180624,0.167487685,0.241758242,0.088235294,0.082101806,0.078333333,0,0,0.084249084,0.091575092,0,0.256157635,0.237052722,331700,318785,4
360290041001,170.0029764,0.456452638,0.055258467,13533,0.170967742,0.086404066,0.367217281,0.225746269,0.863888889,0.99047014,0.06028076,0.075983718,0,0,0.220149254,0,0.148030496,0.174213907,330955,325028,4
360290044012,173.2102458,0.240618102,0.192307692,21400,0.273781903,0.114790287,0.376379691,0.344387755,0.960912052,0.954746137,0,0,0,0,0.079081633,0,0.184326711,0.142362884,331435,326036,4
360290164005,237.0484837,0.402439024,0,14484,0.390243902,0.219512195,0,0.352941176,0,0.402439024,0,0.396226415,0,0,0.431372549,0,0.43902439,0.180039393,327446,319040,4
360290035022,198.201646,0.052092229,0.08993576,33914,0.251173709,0.242527754,0.261315115,0.317427386,0.092465753,0.994876174,0.021636877,0,0,0,0.087136929,0,0.157984629,0.179183815,329105,322906,4
360290063015,161.2171859,0.120805369,0,71803,0,0.120805369,0.070469799,0.17218543,1,0.197986577,0.067114094,0.264900662,0,0,0.264900662,0,0.469798658,0.193410376,325450,325095,4
360290043002,150.2223553,0.5,0.045714286,34801,0.042600897,0.137982196,0.212166172,0.66873065,1,0.890207715,0,0,0,0,0.13622291,0,0.160237389,0.179356198,331478,326870,4
360290028021,215.8500525,0.359726295,0.092,17134,0.202702703,0.069158879,0.26635514,0.302816901,0.703125,0.862616822,0.101577909,0.034926471,0,0.035211268,0.230046948,0.100934579,0.201869159,0.184273773,330613,322309,4
360290045006,167.0590669,0,0,72700,0,0.246478873,0.122065728,0.204724409,0.653846154,0.084507042,0,0,0,0,0,0,0.129107981,0.133938021,329069,327518,4
360290044014,162.6204777,0.065789474,0.033573141,31595,0.074144487,0.200292398,0.141812865,0.255506608,0.762886598,0.934210526,0,0.067829457,0,0,0.13215859,0,0.138888889,0.098500041,332222,326559,4
360290037001,195.818449,0.211948791,0.028571429,22564,0.191919192,0.109219858,0.338297872,0.201267829,0.861904762,0.987943262,0.036021926,0.042674253,0,0,0.350237718,0.00212766,0.134042553,0.184772738,331759,324183,4
360290014031,228.286,0.309222423,0.105263158,33146,0.212981744,0.314647378,0.032549729,0.545012165,1,1,0,0.516129032,0,0.02919708,0.520681265,0,0.103074141,0.123105955,327682,319974,4
360290036001,189.2406643,0.558095238,0,15493,0.212707182,0.068571429,0.217142857,0.320143885,0.859649123,1,0.081904762,0,0.050938338,0,0.111510791,0,0.316190476,0.201034447,331027,324106,4
360290029003,210.6729278,0.176470588,0.32,20400,0.218934911,0.073529412,0.294117647,0.259259259,1,0.944852941,0,0,0,0,0.324074074,0,0.253676471,0.207277289,330594,322835,4
360290015003,221.0503539,0.068877551,0.078512397,37267,0.08852459,0.232142857,0.102040816,0.372972973,1,0.829081633,0.015584416,0,0,0,0.172972973,0,0.227040816,0.22008696,328195,320504,4
360290034002,174.757568,0.313929314,0.202797203,18488,0.222222222,0.16563147,0.161490683,0.053278689,0.276315789,1,0,0,0,0,0.631147541,0,0.186335404,0.221856409,330039,324133,4
360290166004,211.2417979,0.039175258,0.05907173,25468,0.095671982,0.083333333,0.128968254,0.351020408,1,0.970238095,0.001984127,0.067137809,0,0,0.326530612,0.063492063,0.204365079,0.198836375,328187,321443,4
360290033014,189.3962474,0.094373866,0.080838323,31093,0.230769231,0.359346642,0.130671506,0.25566343,0,0.914700544,0,0.022535211,0,0,0.200647249,0,0.197822142,0.19044856,328106,324057,4
360290037004,191.5234773,0.229950319,0.15049505,18328,0.159436009,0.106458481,0.212916962,0.551894563,0.31358885,0.973740241,0.026354319,0,0,0.074135091,0.390444811,0.004968062,0.180269695,0.222930342,331353,323680,4
360290035021,186.2171164,0.299007444,0.15443038,17423,0.12593985,0.146401985,0.253101737,0.357923497,0.493421053,1,0.010498688,0.163310962,0,0,0.428961749,0,0.187344913,0.174894535,329135,323447,4
360290041002,177.9342461,0.186234818,0.086580087,21063,0.141880342,0.102226721,0.356275304,0.146608315,0.78041543,1,0,0,0,0,0.282275711,0,0.191295547,0.160208469,331650,324921,4
360290170001,170.5339871,0.042769857,0.049180328,45450,0.076112412,0.106924644,0.073319756,0.226980728,1,0.958248473,0,0,0,0,0.263383298,0,0.146639511,0.173981747,330557,324956,4
360290041004,181.9237748,0.112535613,0.039630119,32434,0.180469716,0.150997151,0.185185185,0.370300752,0.219895288,0.946581197,0.010542169,0,0.026277372,0.071428571,0.133458647,0,0.148148148,0.115460723,332122,324962,4
360290039011,154.991385,0.465135357,0.06284153,17774,0.428057554,0.163248564,0.247744053,0.341232227,0.394736842,0.919606235,0.061036789,0.136912752,0,0.014218009,0.447077409,0.007383101,0.141099262,0.164255281,330142,325798,4
360290015001,229.454751,0.173228346,0.04,26089,0.082568807,0.125984252,0.241469816,0.341085271,0.919463087,0.940944882,0,0,0,0,0.352713178,0.009186352,0.24671916,0.173713572,328428,320172,4
360290011003,275.4984512,0.341500766,0,24093,0.197278912,0.257274119,0.073506891,0.540669856,1,0,0,0.299765808,0.051522248,0,0.466507177,0.036753446,0.266462481,0.196340373,330661,318144,4
360290006002,297.5073346,0.114285714,0,34116,0.026030369,0.168421053,0.306766917,0.229559748,0.137254902,0.030075188,0.001642036,0,0,0,0.279874214,0.007518797,0.120300752,0.101996789,330848,315272,4
360290025023,204.3686943,0.431616341,0.138392857,23476,0.170316302,0.179396092,0.195381883,0.217391304,0.427272727,0.941385435,0.012320329,0.169892473,0,0,0.244147157,0.010657194,0.275310835,0.199651561,327425,321347,4
360290163003,266.6157548,0.184892897,0.060240964,20468,0.483076923,0.164599775,0.1578354,0.495575221,0.315217391,0.20518602,0,0.094713656,0,0,0.318584071,0,0.204058625,0.208646297,329483,318351,4
360290167001,277.1409108,0.129296236,0.021097046,33694,0.084479371,0.127659574,0.10801964,0.435087719,1,0.144026187,0,0,0,0,0.087719298,0,0.29787234,0.239255084,332062,319246,4
360290050003,156.3347072,0.159165752,0.018518519,30436,0.055469954,0.04451683,0.212812161,0.117768595,0.73006135,0.513572204,0,0,0,0,0.185950413,0,0.144408252,0.132891182,326221,328090,4
360290034001,175.6003253,0.663636364,0.194805195,18258,0.299107143,0.148484848,0.012121212,0.674157303,0,1,0,0,0,0,0.775280899,0,0.348484848,0.190664005,330231,324144,4
360290002002,282.0484076,0.27184466,0.108823529,22876,0.019157088,0.208737864,0.03236246,0.301948052,0.5,0.419093851,0.088815789,0,0.029649596,0,0.324675325,0,0.155339806,0.381034825,330068,316667,4
360290168012,182.1927704,0.252252252,0.095717884,19104,0.112299465,0.160875161,0.154440154,0.303398058,0.1,0.888030888,0.117728532,0.197368421,0,0,0.400485437,0.068211068,0.28957529,0.145504116,327029,323073,4
360290043003,150.2210381,0,0.092592593,30884,0.146226415,0.105802048,0.180887372,0.071823204,1,0.802047782,0,0,0,0,0,0,0.365187713,0.17161439,331477,327133,4
360290031001,197.6192173,0.358251058,0.217241379,20896,0.425287356,0.163610719,0.365303244,0.4765625,0.505791506,0.909732017,0,0,0,0,0.40625,0,0.22425952,0.163114521,328233,322190,4
360290047011,150.2635779,0.466666667,0.161184211,26939,0.093306288,0,0.24057971,0.150134048,0.93373494,0.514492754,0.038709677,0,0,0,0.174262735,0,0.247826087,0.18690133,330855,327065,4
360290042002,168.0045586,0.239179954,0,29800,0.205729167,0.264236902,0.086560364,0.288732394,1,0.870159453,0,0,0,0,0.207746479,0,0.227790433,0.16419595,331022,325987,4
360290040032,157.2967301,0.332857143,0,12681,0.369606004,0.261428571,0.201428571,0.639344262,0.090909091,0.875714286,0.106481481,0.083870968,0,0.106557377,0.409836066,0.014285714,0.202857143,0.156432677,329551,325686,4
360290041003,171.937777,0.247191011,0.07480315,26736,0.121621622,0.200374532,0.191011236,0.351694915,1,0.861423221,0,0.117241379,0,0,0.411016949,0.009363296,0.191011236,0.227720569,331326,324920,4
360290045004,163.9508568,0.061320755,0.243902439,79023,0.153005464,0.422169811,0.136792453,0.238095238,0,0.150943396,0,0.320833333,0,0,0,0,0.339622642,0.148722228,329091,326833,4
360290014042,214.467423,0.339366516,0,13327,0.477011494,0.285067873,0.180995475,0.253424658,0,0.972850679,0,0.518404908,0,0,0.623287671,0,0.416289593,0.198779536,327426,320631,4
360290164002,237.6270468,0.101867572,0.091205212,40163,0.300952381,0.278438031,0,0.322751323,0,0.417657046,0.040747029,0.089641434,0,0.042328042,0.185185185,0.010186757,0.198641766,0.199045241,328198,319409,4
360290068022,189.0719523,0.076171875,0.066312997,49870,0,0.177734375,0.103515625,0.127388535,1,0.248046875,0,0.112565445,0,0,0.143312102,0,0.541015625,0.195661416,325735,321897,4
360290030001,211.08047,0.21415608,0,25159,0,0.130671506,0.303085299,0.216216216,0.741935484,0.77676951,0.035320088,0,0,0.069498069,0.108108108,0,0.279491833,0.217844077,332129,323001,4
360290019001,271.6401633,0.12289916,0,33697,0.16875,0.205882353,0.089285714,0.282692308,0,0.215336134,0,0,0,0,0.115384615,0,0.269957983,0.226554001,331272,318564,4
360290167003,264.9453273,0.489361702,0.076738609,21240,0.261029412,0.194848824,0.217245241,0.2593361,1,0.342665174,0.016,0.036231884,0,0,0.176348548,0,0.315789474,0.230171052,331577,319732,4
360290034004,183.9318204,0.25984252,0.069767442,31263,0.291891892,0.17847769,0.217847769,0.308510638,0.470588235,1,0,0.317460317,0,0,0.239361702,0,0.322834646,0.187907776,329531,323580,4
360290038003,193.1096483,0.43431221,0.099099099,23367,0.070588235,0.095744681,0.317629179,0.21942446,1,0.846504559,0,0.031358885,0,0,0.284172662,0.016717325,0.220364742,0.208356826,332227,323563,4
360290170003,169.9620039,0.361403509,0.427710843,17408,0,0.322807018,0.094736842,0.564102564,1,1,0,0,0,0,0.724358974,0,0.371929825,0.189719538,329469,324882,4
360290027043,216.3022296,0.540785498,0,7751,0.516666667,0,0.471299094,0.492537313,0.211538462,0.933534743,0.072555205,0,0,0.149253731,0.343283582,0,0.359516616,0.205558551,329618,321622,4
360290037003,195.429,0.450738916,0.116402116,17241,0.180851064,0.133004926,0.285714286,0.570588235,0.181034483,0.963054187,0,0,0,0,0.094117647,0,0.379310345,0.232019975,331441,324382,4
360290002004,280.143,0.10757315,0.029508197,23291,0.217948718,0.100688468,0.2616179,0.340425532,0.605263158,0.342512909,0,0,0.090725806,0,0.229787234,0,1.563683305,0.514790112,329858,316951,4
